RG_FRENTE (1).jpg;;6;0
RG_FRENTE (10).jpg;RG FRENTE;6;100.00
RG_FRENTE (11).jpg;RG FRENTE;6;100.00
RG_FRENTE (12).jpg;;6;0
RG_FRENTE (13).jpg;;6;0
RG_FRENTE (14).jpg;RG FRENTE;6;100.00
RG_FRENTE (2).jpg;;6;0
RG_FRENTE (3).jpg;RG FRENTE;6;100.00
RG_FRENTE (4).jpg;RG FRENTE;6;100.00
RG_FRENTE (5).jpg;RG FRENTE;6;100.00
RG_FRENTE (6).jpg;;6;0
RG_FRENTE (7).jpg;;6;0
RG_FRENTE (8).jpg;RG FRENTE;6;100.00
RG_FRENTE (8).jpg;RG FRENTE;6;100.00
RG_FRENTE (9).jpg;;6;0
RG_INTEIRO (1).jpeg;RG VERSO;6;100.00
RG_INTEIRO (1).jpeg;RG FRENTE;6;100.00
RG_INTEIRO (1).jpg;;6;0
RG_INTEIRO (1).png;RG VERSO;6;100.00
RG_INTEIRO (1).png;RG VERSO;6;100.00
RG_INTEIRO (1).png;RG VERSO;6;100.00
RG_INTEIRO (1).png;RG VERSO;6;100.00
RG_INTEIRO (10).jpg;RG FRENTE;6;100.00
RG_INTEIRO (10).jpg;RG FRENTE;6;100.00
RG_INTEIRO (11).jpg;RG FRENTE;6;100.00
RG_INTEIRO (11).jpg;RG FRENTE;6;100.00
RG_INTEIRO (12).jpg;RG FRENTE;6;100.00
RG_INTEIRO (12).jpg;RG VERSO;6;100.00
RG_INTEIRO (12).jpg;RG VERSO;6;100.00
RG_INTEIRO (12).jpg;RG VERSO;6;100.00
RG_INTEIRO (13).jpg;RG FRENTE;6;100.00
RG_INTEIRO (13).jpg;RG VERSO;6;100.00
RG_INTEIRO (13).jpg;RG VERSO;6;100.00
RG_INTEIRO (13).jpg;RG VERSO;6;100.00
RG_INTEIRO (13).jpg;RG VERSO;6;100.00
RG_INTEIRO (14).jpg;RG FRENTE;6;100.00
RG_INTEIRO (14).jpg;RG FRENTE;6;100.00
RG_INTEIRO (14).jpg;RG FRENTE;6;100.00
RG_INTEIRO (14).jpg;RG FRENTE;6;100.00
RG_INTEIRO (14).jpg;RG FRENTE;6;100.00
RG_INTEIRO (15).jpg;RG VERSO;6;100.00
RG_INTEIRO (15).jpg;RG VERSO;6;100.00
RG_INTEIRO (15).jpg;RG VERSO;6;100.00
RG_INTEIRO (15).jpg;RG VERSO;6;100.00
RG_INTEIRO (15).jpg;RG FRENTE;6;100.00
RG_INTEIRO (16).jpg;RG FRENTE;6;100.00
RG_INTEIRO (16).jpg;RG FRENTE;6;100.00
RG_INTEIRO (16).jpg;RG FRENTE;6;100.00
RG_INTEIRO (2).jpeg;RG FRENTE;6;100.00
RG_INTEIRO (2).jpeg;RG VERSO;6;100.00
RG_INTEIRO (2).jpeg;RG VERSO;6;100.00
RG_INTEIRO (2).jpeg;RG VERSO;6;100.00
RG_INTEIRO (2).jpeg;RG VERSO;6;100.00
RG_INTEIRO (2).jpeg;RG FRENTE;6;100.00
RG_INTEIRO (2).jpg;RG FRENTE;6;100.00
RG_INTEIRO (3).jpeg;RG VERSO;6;100.00
RG_INTEIRO (3).jpeg;RG VERSO;6;100.00
RG_INTEIRO (3).jpeg;RG FRENTE;6;100.00
RG_INTEIRO (3).jpg;RG FRENTE;6;100.00
RG_INTEIRO (3).jpg;RG FRENTE;6;100.00
RG_INTEIRO (4).jpg;RG FRENTE;6;100.00
RG_INTEIRO (4).jpg;RG FRENTE;6;100.00
RG_INTEIRO (5).jpg;;6;0
RG_INTEIRO (6).jpg;RG FRENTE;6;100.00
RG_INTEIRO (6).jpg;RG FRENTE;6;100.00
RG_INTEIRO (7).jpg;RG FRENTE;6;100.00
RG_INTEIRO (7).jpg;RG FRENTE;6;100.00
RG_INTEIRO (8).jpg;RG FRENTE;6;100.00
RG_INTEIRO (8).jpg;RG FRENTE;6;100.00
RG_INTEIRO (9).jpg;RG VERSO;6;100.00
RG_INTEIRO (9).jpg;RG FRENTE;6;100.00
RG_VERSO (1).jpeg;;6;0
RG_VERSO (1).jpg;;6;0
RG_VERSO (1).png;;6;0
RG_VERSO (10).jpg;;6;0
RG_VERSO (11).jpg;;6;0
RG_VERSO (12).jpg;;6;0
RG_VERSO (13).jpg;;6;0
RG_VERSO (14).jpg;RG VERSO;6;100.00
RG_VERSO (15).jpg;;6;0
RG_VERSO (2).jpeg;;6;0
RG_VERSO (2).jpg;;6;0
RG_VERSO (3).jpeg;;6;0
RG_VERSO (3).jpg;;6;0
RG_VERSO (4).jpg;RG VERSO;6;100.00
RG_VERSO (4).jpg;RG VERSO;6;100.00
RG_VERSO (5).jpg;;6;0
RG_VERSO (6).jpg;;6;0
RG_VERSO (7).JPG;RG VERSO;6;100.00
RG_VERSO (8).jpg;RG VERSO;6;100.00
RG_VERSO (8).jpg;RG VERSO;6;100.00
RG_VERSO (8).jpg;RG VERSO;6;100.00
RG_VERSO (8).jpg;RG VERSO;6;100.00
RG_VERSO (9).JPG;;6;0
